count,hashtag
4,SpiderMan
1,blackpanther
1,VladDay
1,Nebula
1,xharleyx
1,IIIIXI
1,avengers4
1,DICKHEAD
1,TheBest
3,Avangers
203,avengers
1,MixedReviews
1,MakeComicsGreatAgain
2,film
1,ESCENARIOS
1,VaiNoGas
1,ReelsOnWheels
86,EndGame
1,endgameisreal
2,Hollywood
1,REVIEW
25,BlackWidow
1,ViudadeStark
2,ElMundoDelCine
1,Worthing
1,HappyMeal
1,nospoilerendgame
1,got
1,Transformaci
3,Switch4Good
1,BainFamFlex
1,ifailedthehearingbooth
1,MePasoALaFM
2,CHEN
2,SMASHxAvengers
1,sorrynotsorry
1,biglaw
1,crime
1,Mundo
1,LetsRoll
1,2020
5,HoyMeVoyAPermitir
1,Streamer
1,HablandoDeCine
2,AbogadoSnitch
1,CatolicsArrivedFirst
1,greatnight
45,ironman
1,toohype
5,BoxOffice
1,noviando
1,SwordArtOnline
1,hottoys
1,FightForWynonna
2,SemSpoiler
1,figpin
1,digi2tek
3,RPGrinders
1,Cart
1,marvelstudios
1,plantado
1,fcseguefc
2,Patahapa
2,loki
2,LFC
1,WIP
1,fact
1,42
2,CelebrityNews
2,fanart
1,EggHunt2019
1,donate
1,Review
1,boanoite
1,Superheroes
5,bigkid
2,WildcardsRPG
1,stream
2,AListMovieReview
3,SORTEO
1,NRATraitors
2,FUAllTheTime
1,spasquad
2,ContestAlert
1,Endg
1,Iwanttoseeittoo
1,Vingadores
1,MBADMB
1,taza
2,SchleFaZ
1,loveyou3000
1,LaFranjaQueNosUne
2,SpiderManFarFromHome
1,marvelannual
1,Nospoilersendgame
1,guysnightout
2,MCURewatch
9,TonyStark
1,xrp
1,lanuevanoticia
1,TV
4,FallonTonight
1,EsquireIMAX
11,EndGameIsHere
1,promo
1,PepeJeansxMarvelAvengers
1,250
1,Coventry
4,En
2,KylieJenner
1,ListenUpAHoles
2,garyvee
1,MarvelFlixRadio
1,Durango
1,wong
1,teamrible
13,ENDGAMECOUNTDOWN
1,bringmethanos
4,dontspoilendgame
1,avengerspow
5,likes
6,sacachispas
1,superheroes
2,lol
1,DisTwitter
1,AvengersEngdame
1,TechNews
1,goodmornight
1,SebastianStan
1,PapaiDoRN
1,RobertDowneyJr
3,NW
1,news
1,tecnologia
1,wattpad
1,itsmorphintime
2,22DaysOfEndgame
1,NachosYPochoclos
1,780AM
1,365days
1,okoye
1,GreetingsAndSalutations
1,teamIronMan
1,UMCFans
2,AvendersEndgame
1,AvengersEndgane
1,MarvelStudios
1,DontSpoilEndgame
1,yeg
116,GameOfThrones
70,AVENGERS
2,giveaway
1,Ixtapaluca
1,spoiers
1,mtwx
13,Aven
1,defibrillators
1,love
1,TwitchNetworks
1,gif
2,VingadoresEndGame
2,Facts
1,Cinepolis
1,talkingpictures
4,TheMovieThatCameOutThisWeekend
1,TrueNewsDInforma
1,JustWatched
1,leaveyourmark
1,lescabe
5,Cine
4,BruceBanner
2,lilMack
1,EvaLongoria
1,Tendencias
63,AvengersEngame
33,AvengersEndGamespoilers
2,E
1,PierreTchernia
2,CrachesSurTonSpoiler
1,SupportYourFriends
1,TienesQueLeerlo
1,ivoox
1,JohnnyNews
1,Hometown
1,popcorn
11,Thor
1,mustsee
2,Sacachispas
2,AvengersEnd
1,Stage89
1,CaraotaShow
2,AmericasAss
2,IStandWithVic
1,Watch4K
1,fortniteendgame
1,schlefaz
1,marvelmoviechallenge
1,Ecuador
2,flashpointchicago
2,B
2,FF
2,Ent
1,findom
1,crasHtalk
27,Loki
1,movieNightReview
1,bioscoop
1,PeterQuill
1,LSU
1,prioridadesguey
1,UncleAbeSays
1,FuckLeSeanMcCoy
1,Mj
4,GameofThrones
1,ucsc
1,FanArtFriday
2,18
3,TeamStark
4,SpoilerEndgam
2,Vengadores
1,NonoMovie2k19
1,AcabandoDeSalirDelCine
27,TheAvengers
1,captainmarvel
1,Miss
2,CapitanAmerica
1,AlwaysPrepared
1,Drax
1,LongAndThinMoviesBandsSongs
1,selesacaboelmame
3722,AvengersEndgame
2,Maniacs
1,amanh
9,TomHiddleston
1,verguenzas
1,filmmaking
1,NerdgasmNews
1,calgaryexpo
1,IAmIronMan
1,marvelcomics
1,nocap
1,MeIdentifico
1,fandbags
9,0426
4,AntMan
1,ViernesDeCine
8,Endga
1,showprep
1,MohsinKhan
955,Endgame
1,vegan
1,WhatEverItTakes
1,REPOST
2,avenger
1,CasiCasi
1,HAWKEYE
2,TwitterConfession
1,FORTNITE
1,HailHydra
1,BookDesign
1,vegas
3,TammyAndTheTRex
1,GLQuiz
3,CHANYEOL
1,babytime
8,27stepsofmay
1,reuters
1,yotambienquierocomentarlapeli
1,TwilightForce
1,LouisAndRichard
1,streaming
2,LetChrisEvansEatBread
1,EndG
1,Friday
2,nospoilers
155,BBMAsTopSocial
5,AvengersEn
1,FeatheryFriday
3,Viral
1,ShutTheFuckUp
1,LaMega
1,Twibbon
3,Espect
14,Snack
7,Fiction
1,Audi
2,aveng
2,M
4,stony
1,groot
1,alligators
1,TheEndGame
1,accionpoeticamarvel
1,3000
1,AboutLastNight
5,Hulk
1,ARMYwithLUV
5,Download
1,yawn
1,mlsfemale
1,AvengersEndgameTH
1,FuckOff
1,LINE
1,GOT7_SPINNINGTOP
1,iloveyou3000times
13,IMDb
1,Stony
1,marvelfan
2,SUPERJUNIOR
1,ASMR
1,ExploreVernon
1,sketch
2,AdvengersEndgame
1,TeAhorroElClick
1,Ben10
1,BeirutcomMag
1,SamWinchester
1,Muaythai
1,BoycottHollywood
2,Blackhawks
15,OPPOF11Pro
1,TheFive
1,Paytm
1,ArtistsBlock
2,thankyouavengers
2,AvengersInfinityWar
1,Showbiz
1,followfriday
1,Brands
1,ayearinfilm
1,3D
1,oppo
1,freyalovestoys
1,Enterate
118,endgame
1,esoesmaldad
1,MontezFord
1,teamstark
1,somethinginthewater
1,Avengersfriday
1,Reaganomics
1,MejahReview
2,UnNoobEnFortnite
1,Financialindependence
1,youcanrestnow
1,JimmyFallon
1,twitch
2,FilmedInGeorgia
2,ME
1,ryanrobbins
1,end
4,DontSpoilAvengersEndgame
3,FireworksandMischief
2,AvengersEndgamespoilers
1,scarletwitch
1,endofdebate
1,SocialAnxiety
1,nooffense
1,GoogleDoodle
1,BROOKLYN
1,SantaClos
1,MarvelousNews
2,BlackPanther
1,ACaminhoDoBilh
1,FCkThanos
1,nfl
1,EUKicks
1,AI
4,50DaysOfBadla
1,ShouldHaveBeenBucky
2,MCUMarathon
1,XMenDarkPhoenix
2,23
1,fakespoilers
6,FurryFriday
1,GatoAnimador
1,RIPmydawg
1,NoEsSpoiler
1,Bo
6,MovieReview
1,KidsWithCancer
1,Mentalhealth
1,Movies
1,jeep
1,IneedDalilaanDaninmylife
4,Planetlovers
1,OOC
1,Geesh
1,summerreading
2,KohLanta
25,FlashbackFriday
1,UySimsD
8,EarthsMightiestWeek
1,snapture
1,THEPUB
2,live
1,Topbuzz
1,SpoylerAlert
1,Genial
2,mustread
2,InfinityGauntlet
1,BrieLarson
1,Spoi
1,SOTY2
3,whateverittakes
1,GirlPower
4,FOTOS
1,TonyStarkLives
1,septa
1,birdwatchersfilmclub
2,NativeRights
1,InterJuve
1,fixrewards
2,FursuitFriday
1,MARVELous
3,38
1,yesIcried
1,ILoveMovies
1,milkaisreal
2,VariedadesPA
1,PER
1,Browns
4,attikshop
1,Grecia
1,feriafriki
1,shera
3,templorunner
1,EighthGrade
3,superhero
1,FantasticFriday
2,ICYMI
8,AvengersEndGameSpoiler
2,JokowiLagi
2,Ronin
1,long
1,hevisto
21,IronMan
1,Donghae
41,Regarder
1,MovieNight
1,Games
77,A
3,FollowFriday
1,willpower
1,replaytoysboutique
1,posersbelike
1,grantreidhomes
1,AvengerENDGAME
1,done
1,PS4share
1,ROOM106
1,DeanAmbrose
25,nospoil
1,End
2,tonystark
1,ProSnap
2,KoolKasia
1,Photos
1,TECNOLOG
2,comics
1,fandom
1,avengersEndgame
1,bwfc
4,How
1,memes
1,slashdot
1,fml
2,SpoilerEndgame
1,Hawkeye
1,hedit
62,endgamespolierswithoutcontext
2,KitaDemokrat
1,ThanosD
1,spoilerswithoutcontext
3,Avengersendgame
1,JusticeLeage
3,WatchTv
1,kinepass
2,TDS
9,thanos
2,Thanos2020
2,win
1,WeAreBlackBears
6,AvengersAssemble
1,Mexico
5,ScarlettJohansson
5,58
5,ALDUBNationChooseToLove
1,BBMAsTopSociaI
1,greysanatom
1,JuntosSomosMas
1,ToysmamNews
1,girlpower
9,MyHeroAcademia
1,WarMachine
200,AvengersEndGame
57,Spoilers
1,selfcare
1,NatashaRomanov
2,FIRSTChamp
1,SideshowGiveaway
1,corta
1,Why
8,TheOtherTwo
1,Marketing
1,AvegersEndgame
1,Avengers3HourPissChallenge
14,MCU
1,HUAWEIP30LITE
1,vingado
1,showusyourbottles
1,TheShiftwithDrex
4,VingadoresEndgame
1,posterdesign
39,Marvel
8,S
1,eliax
1,STEAM
1,NuevoLaredo
6,Google
1,vingadoresultimato
2,RocketRaccoon
3,MarvelCinematicUniverse
1,video
2,endgamespoilerswithoutcontext
4,channel
2,nw
1,Fornite
1,closure
1,AvengersENDGAME
1,Aguascalientes
4,movies
1,BBAMAsTopSocial
2,TemaEnTendencia
1,NoHomo
1,soul
1,Crashtalk
1,TheAvengersEndGame
2,BBMASTopSocial
3,SpoilerAlert
1,MarvelKid
1,PMA
1,satisfied
2,boletos
3,NerdAF
1,LaCooperativa
4,BBMAsAchievement
1,Genderbent
9,Conexi
1,Avengerready
1,regrann
1,ChrisEvans
1,384966
1,ShieldvsHydra
1,ASK_NUEST
9,VengadoresEndgame
6,AvengersEndg
1,CNET
3,Movie
1,SomosABSA
1,Disney
1,Noticia
2,leseanmccoy
2,Informate
1,DreamRoles
10,TrueStory
1,RogerGoodell
8,trakt
1,Corpuschristi
1,Puebla
1,Americasass
9,NowWatching
1,supplydemand
1,SheRa
2,ViernesDeTransexuales
3,AVENGERSENDGAME
2,Shazam
4,InfinityWar
1,ZOTACGAMING
2,ThanosDemandsYourSilence
1,DontSpoi
8,MovieLineHD
1,9
1,CHANGEMYMIND
3,ThatsMyRunningBack
2,UdlaChannel
1,NBA
2,ScarlettJohannson
3,Ave
1,SpiderManPS4
1,UCM
1,NoSePasen
1,32
1,marvelcinematicuniverse
1,AMLORENUNCIA
1,harumph
6,NoSpoilers
4,EndGameAlex
1,notaspoiler
1,AmanecemosCon
1800,Avengers
295,TBT
2,LaMalditaHora
2,Okoye
27,1
1,GeekWeek
2,review
1,hulksizedbeer
1,inknbu
1,LlorarChallenge
2,Truth
1,ORIOLES
1,imnotcrying
293,ff
2,Hogib
1,dontspoiltheendgame
1,antman
1,105
1,somuchcrying
26,AvengersE
1,aliens
1,teamthor
1,Falcon
1,buffalo
1,spiderman
1,DGITM
1,Avenge
1,twitchstreamers
1,RoadToEndgame
14,CaptainAmerica
1,13ReasonsWhy
3,Entretenimiento
8,BamTeddy
6,Vision
1,SoundCloud
1,RecehkanTwitterJilid2
1,WinterSoldier
2,Gamora
3,Avenger
4,tribeca
1,Laravel
2,Gotham
2,notspoili
2,Free4All
1,Timeless
1,Pabler
1,fairies
3,popcon
16,OPPOF11PRO
1,RiseOfSkywalker
1,FridayThoughts
3,Curiosidades
1,NYSports
1,ThingsMyBossSays
16,LeaksMovie
1,Bizarro
1,Help
1,igotthehookup
19,marvel
10,ENDGAME
47,endgamespoiler
1,pinupgirl
1,Reporte1Uno
1,professional
1,esports
1,10
3,GOT7NOW
1,tantaroba
2,FIBAWC
1,tecnolog
90,avengersendgame
1,winning
1,deevengers
1,nerd
1,01Live
1,voltron
36,Av
1,nocontextspoilers
1,amcmarvelmarathon
2,MovieReviews
2,SuperHeroes
1,GladIWoreWaterproofMascara
1,freecodefridaycontest
1,MONOS
44,AWANInews
1,DoingWellByDoingGood
1,SupportSmallStr
2,disney
1,LesbianVisibilityDay
35,Thanos
29,AvangersEndgame
3,SNTEunoAuno
11,Fortnite
4,edwinhuang
1,MOOD
13,CONCOURS
1,GraciasStanLee
7,Ci
1,Popcorn
2,MCUmoments
1,ThatIsAll
1,Infinity
1,viral
1,YR
1,Gn
2,spoilers
1,hiphipgoesmarvel
5,StanLee
15,TeamSISD
2,ember4all
2,lego
1,web
1,Captain
1,Killedoffmycharacter
3,Repost
1,letsgobluejays
1,DownloadLeaksAvengersEndgame
1,Avenger4Endgame2019
4,stucentclass
3,4
1,TheMagicians
4,TrendingNow
1,TWDFamily
1,TheInfinityGauntlet
1,sormokena
1,EndersGame
1,donotdisturb
1,AvengersAgeOfUltron
1,39
5,CaptainMarvel
1,vingadores
1,Pasapalabra
1,CarteleraID
1,spoiler
1,SPOILED
1,SorryNotSorry
6,Ironman
3,Yelp
15,26Abr
1,mercistanlee
1,Nestripphoto
1,mydayinla
1,a
19,JackKirby
2,AvengersEndGames
1,sixseasonsandamovie
1,MarvelMarathon
5,SUHO
1,CifraDelD
36462,
1,bestmovieever
1,blownaway
15,SpoilersWithoutContext
1,photo
4,NoSpoilersEndgame
1,EndGameFakeSpoilers
1,Lorraine
2,Cafe
4,fortnite
3,Cliffhangers
3,LasTardesDeLa99
2,FBF
6,Drawnandquartered
1,PreHiawathaLanding
1,bbnaija
1,InfinitySaga
3,WantAnR8
1,DerangedDonald
2,ContestofChampions
273,AvengersEndame
1,TwittamiBeautiful
3,endgamespoilers
1,ThorRagnarok
2,FavoriteAvenger
2,WritingCommunity
2,guardiansofthegalaxy
1,TheBreak
1,AvengeesEndgame
2,t
1,EntreSantosyPecadores
1,happymeals
1,herewego
1,TeamCap
1,Antman
3,GotG
1,FreebieFriday
1,came
1,QuintanaRoo
1,Fanart
1,BBMAsTopSocia
2,ElCineQueHeVistoEn2019
2,clickmarvel
1,fornite
1,Avengers4
1,Web
7,DontSpoilTheEndGame
1,DiaDeLaSecretaria
1,ZoeSaldana
302,DontSpoilTheEndgame
1,twitchstreamer
2,minorities
1,wereintheendgamenow
3,blackwidow
2,Tbt
10,Aveng
1,OsitoMil
1,ArrestedDevelopment
2,LeSeanMcCoy
1,guestposts
1,HollywoodMovie
2,PremierAvengers
8,FortniteXAvengers
7,2
3,Imax
1,Autism
3,Endgamespoilers
1,460
1,TheHorrorReturnsPodcast
1,TheCranberries
2,TheDailySpike
1,MONSTA_X
2,Spoiler
1,wrecked
1,Ricardo
7,WhateverItTakes
38,Watch
1,MarvelMovieNight
1,AhanShetty
1,Bills
2,GameOfThornes
2,SuperLike
1,StarWarsFans
1,SocialMedia
1,complete
4,RT
1,avengersinfinitywar
1,filmtwitter
1,Dontspoiltheendgame
1,MajesticFam
2,SinSpoilersEndGame
1,nbd
1,LesbianDayofVisibility
2,FuckDCcomics
1,spoileralert
1,FuckHerWigOff
1,Cines
7,Amwriting
1,law
1,justtalking
3,google
1,SEHUN
1,notmysteve
1,fangirl
1,AvengersGecesi
1,TVGuide
1,YZFR6
1,shortreads
1,funvideo
28,USArmy
2,News
1,Biden
51,AvengerEndgame
1,newyorktimes
1,Evento
2,HulkSmash
1,stampinwithmarcy
